{"train_accuracy":0.125,"_timestamp":1.76787554047436e+09,"_step":0,"_wandb":{"runtime":4},"_runtime":4,"train_loss":2.3374695777893066}
