{"train_accuracy":1,"_timestamp":1.7678762816790733e+09,"_step":4794,"_runtime":88,"_wandb":{"runtime":88},"train_loss":0.049157120287418365,"gradients":{"_type":"histogram","values":[3,1,0,0,0,0,0,0,0,0,1,0,1,0,0,0,2,0,1,2,0,5,5,12,19,28,38,75,158,336,1070,6396,83911,1092,326,185,101,55,52,20,16,12,15,8,4,2,0,3,1,0,0,0,1,1,0,0,0,0,0,0,0,0,2,2],"bins":[-0.24009694159030914,-0.23261520266532898,-0.22513346374034882,-0.21765172481536865,-0.2101699858903885,-0.20268824696540833,-0.19520652294158936,-0.187724769115448,-0.18024304509162903,-0.17276129126548767,-0.1652795672416687,-0.15779781341552734,-0.15031608939170837,-0.1428343504667282,-0.13535261154174805,-0.12787087261676788,-0.12038913369178772,-0.11290739476680756,-0.10542565584182739,-0.09794391691684723,-0.09046217799186707,-0.0829804390668869,-0.07549870014190674,-0.06801696121692657,-0.060535237193107605,-0.05305349826812744,-0.04557175934314728,-0.038090020418167114,-0.03060828149318695,-0.023126542568206787,-0.015644803643226624,-0.00816306471824646,-0.0006813257932662964,0.006800413131713867,0.01428215205669403,0.021763876080513,0.029245629906654358,0.03672735393047333,0.044209107756614685,0.051690831780433655,0.05917258560657501,0.06665430963039398,0.07413606345653534,0.08161778748035431,0.08909954130649567,0.09658126533031464,0.104063019156456,0.11154474318027496,0.11902646720409393,0.1265082210302353,0.13398994505405426,0.14147169888019562,0.1489534229040146,0.15643517673015594,0.16391690075397491,0.17139865458011627,0.17888037860393524,0.1863621324300766,0.19384385645389557,0.20132561028003693,0.2088073343038559,0.21628908812999725,0.22377081215381622,0.23125256597995758,0.23873427510261536]},"images":{"filenames":["media/images/images_4755_925c7b9bf3678adf308f.png","media/images/images_4755_03debc27afe007cfd5dc.png","media/images/images_4755_5683e95e9171b0ddde04.png","media/images/images_4755_51e2642d4dc922aee9a1.png","media/images/images_4755_3f14605cdd06fbcd6676.png"],"captions":["Input 0","Input 1","Input 2","Input 3","Input 4"],"_type":"images/separated","width":28,"height":28,"format":"png","count":5},"roc":{"format":"png","width":640,"height":480,"_type":"image-file","sha256":"41bd5935c187cff176dfb4cee3b12125d7682073029f4cc6e1f380c0ba6295aa","size":22287,"path":"media/images/roc_4794_41bd5935c187cff176df.png"}}
