{"_step":66,"train_acc":1,"val_acc":0.9426000118255615,"trainer/global_step":1869,"val_loss":0.17634202539920807,"train_loss":0.08231328427791595,"_runtime":54,"_wandb":{"runtime":54},"logits":{"_type":"histogram","values":[1,0,1,0,0,0,0,0,0,0,1,0,0,1,0,3,2,2,4,3,3,5,4,8,8,6,5,8,6,7,13,15,22,16,18,15,26,11,16,11,7,11,10,7,5,4,4,5,2,4,0,4,4,1,1,3,2,2,1,0,0,1,0,1],"bins":[-21.56476593017578,-20.997678756713867,-20.430591583251953,-19.86350440979004,-19.296417236328125,-18.729331970214844,-18.16224479675293,-17.595157623291016,-17.0280704498291,-16.460983276367188,-15.893896102905273,-15.326809883117676,-14.759722709655762,-14.192635536193848,-13.62554931640625,-13.058462142944336,-12.491374969482422,-11.924287796020508,-11.357200622558594,-10.790114402770996,-10.223027229309082,-9.655940055847168,-9.08885383605957,-8.521766662597656,-7.954679489135742,-7.387592315673828,-6.820505142211914,-6.253418922424316,-5.686331748962402,-5.119245529174805,-4.552158355712891,-3.9850711822509766,-3.4179840087890625,-2.8508968353271484,-2.2838096618652344,-1.7167224884033203,-1.1496353149414062,-0.582550048828125,-0.015462875366210938,0.5516242980957031,1.1187114715576172,1.6857986450195312,2.2528858184814453,2.8199729919433594,3.3870582580566406,3.9541454315185547,4.521232604980469,5.088319778442383,5.655406951904297,6.222494125366211,6.789581298828125,7.356668472290039,7.923755645751953,8.490840911865234,9.057928085327148,9.625015258789062,10.192102432250977,10.75918960571289,11.326274871826172,11.893363952636719,12.46044921875,13.027538299560547,13.594623565673828,14.161712646484375,14.728797912597656]},"epoch":9,"_timestamp":1.7678809887562714e+09}
