{"train_accuracy":0.9375,"_timestamp":1.7678751967175066e+09,"_step":4689,"_wandb":{"runtime":78},"_runtime":78,"train_loss":0.10710243880748749}