{"train_loss":0.1424197107553482,"gradients":{"_type":"histogram","values":[1,0,0,0,0,0,1,0,0,0,0,1,0,0,1,0,1,0,0,0,0,1,1,0,0,0,0,1,0,1,0,2,0,1,1,1,1,1,8,19,48,127,349,812,3387,87403,1160,293,127,64,34,31,12,21,11,6,9,10,2,6,0,4,2,1],"bins":[-0.14346148073673248,-0.14029479026794434,-0.137128084897995,-0.13396137952804565,-0.1307946890592575,-0.12762799859046936,-0.12446129322052002,-0.12129459530115128,-0.11812789738178253,-0.11496119946241379,-0.11179450154304504,-0.1086278036236763,-0.10546110570430756,-0.10229440778493881,-0.09912770986557007,-0.09596101194620132,-0.09279431402683258,-0.08962761610746384,-0.08646091818809509,-0.08329422026872635,-0.0801275223493576,-0.07696082442998886,-0.07379412651062012,-0.07062742859125137,-0.06746073067188263,-0.06429403275251389,-0.06112733483314514,-0.0579606369137764,-0.054793938994407654,-0.05162724107503891,-0.048460543155670166,-0.04529384523630142,-0.04212714731693268,-0.038960449397563934,-0.03579375147819519,-0.03262705355882645,-0.029460355639457703,-0.02629365772008896,-0.023126959800720215,-0.01996026188135147,-0.016793563961982727,-0.013626858592033386,-0.01046016812324524,-0.007293477654457092,-0.0041267722845077515,-0.0009600669145584106,0.0022066235542297363,0.005373314023017883,0.008540019392967224,0.011706724762916565,0.014873415231704712,0.01804010570049286,0.0212068110704422,0.02437351644039154,0.027540206909179688,0.030706897377967834,0.033873602747917175,0.037040308117866516,0.04020699858665466,0.04337368905544281,0.04654039442539215,0.04970709979534149,0.05287379026412964,0.056040480732917786,0.059207186102867126]},"train_accuracy":0.9375,"roc":{"sha256":"98fe5d935ad30bc73ee8acc005f03a351693c8f82b8e940132020f27d4d2d012","size":22149,"path":"media/images/roc_4794_98fe5d935ad30bc73ee8.png","format":"png","width":640,"height":480,"_type":"image-file"},"_wandb":{"runtime":82},"_runtime":82,"images":{"height":28,"format":"png","count":5,"filenames":["media/images/images_4755_925c7b9bf3678adf308f.png","media/images/images_4755_03debc27afe007cfd5dc.png","media/images/images_4755_5683e95e9171b0ddde04.png","media/images/images_4755_51e2642d4dc922aee9a1.png","media/images/images_4755_3f14605cdd06fbcd6676.png"],"captions":["Input 0","Input 1","Input 2","Input 3","Input 4"],"_type":"images/separated","width":28},"_timestamp":1.7678759377356734e+09,"_step":4794}