{"_timestamp":1.7678756698174489e+09,"_step":957,"images":{"format":"png","count":5,"filenames":["media/images/images_919_925c7b9bf3678adf308f.png","media/images/images_919_03debc27afe007cfd5dc.png","media/images/images_919_5683e95e9171b0ddde04.png","media/images/images_919_51e2642d4dc922aee9a1.png","media/images/images_919_3f14605cdd06fbcd6676.png"],"captions":["Input 0","Input 1","Input 2","Input 3","Input 4"],"_type":"images/separated","width":28,"height":28},"gradients":{"values":[1,0,0,0,0,1,0,0,0,0,0,0,0,0,0,0,0,0,1,0,0,0,1,0,0,2,2,0,2,2,2,2,7,7,5,15,15,52,157,700,9041,82376,1115,228,107,54,33,10,1,3,2,3,3,4,1,2,0,0,1,0,1,0,1,2],"bins":[-0.3800613284111023,-0.37083595991134644,-0.3616105616092682,-0.35238519310951233,-0.3431597948074341,-0.3339344263076782,-0.32470905780792236,-0.3154836595058441,-0.30625829100608826,-0.29703289270401,-0.28780752420425415,-0.2785821557044983,-0.26935675740242004,-0.2601313889026642,-0.25090599060058594,-0.24168062210083008,-0.23245523869991302,-0.22322985529899597,-0.21400447189807892,-0.20477910339832306,-0.195553719997406,-0.18632833659648895,-0.1771029531955719,-0.16787756979465485,-0.1586521863937378,-0.14942681789398193,-0.14020143449306488,-0.13097605109214783,-0.12175068259239197,-0.11252528429031372,-0.10329991579055786,-0.09407451748847961,-0.08484914898872375,-0.0756237804889679,-0.06639838218688965,-0.05717301368713379,-0.04794761538505554,-0.03872224688529968,-0.029496878385543823,-0.020271480083465576,-0.011046111583709717,-0.0018207132816314697,0.00740465521812439,0.01663002371788025,0.025855422019958496,0.035080790519714355,0.0443061888217926,0.05353155732154846,0.06275695562362671,0.07198232412338257,0.08120769262313843,0.09043309092521667,0.09965845942497253,0.10888385772705078,0.11810922622680664,0.1273345947265625,0.13655996322631836,0.145785391330719,0.15501075983047485,0.1642361283302307,0.17346149682998657,0.18268686532974243,0.19191229343414307,0.20113766193389893,0.21036303043365479],"_type":"histogram"},"_wandb":{"runtime":21},"_runtime":21,"train_loss":0.33162087202072144,"train_accuracy":0.8125}
